pyspiel_sequential,2,0.0007429122924804688,0.0006291866302490234,0.0006253719329833984,0.0006020069122314453,0.0006680488586425781,0.0006113052368164062,0.0005943775177001953,0.0005934238433837891,0.0006396770477294922,0.0006251335144042969,0.0006189346313476562,0.0005974769592285156,0.0005974769592285156,0.0006160736083984375,0.0006670951843261719,0.0006175041198730469,0.0006365776062011719,0.0006747245788574219,0.0006282329559326172,0.0006077289581298828,0.0006062984466552734,0.0006003379821777344,0.0006196498870849609,0.0006237030029296875,0.0006043910980224609,0.0006017684936523438,0.0006067752838134766,0.0006558895111083984,0.0006334781646728516,0.0005943775177001953,0.0006077289581298828,0.0006146430969238281,0.0006139278411865234,0.0006396770477294922,0.0006172657012939453,0.0006213188171386719,0.0006184577941894531,0.0006299018859863281,0.0007281303405761719,0.000637054443359375,0.0006277561187744141,0.0006306171417236328,0.0006000995635986328,0.0006024837493896484,0.0006127357482910156,0.0006086826324462891,0.0006067752838134766,0.0005915164947509766,0.0005986690521240234,0.0006082057952880859,0.0006215572357177734,0.0005981922149658203,0.0005872249603271484,0.0005903244018554688,0.0006000995635986328,0.0006115436553955078,0.0006048679351806641,0.0006482601165771484,0.0005888938903808594,0.0005812644958496094,0.0005919933319091797,0.0005981922149658203,0.0006589889526367188,0.0006289482116699219,0.0005903244018554688,0.0005919933319091797,0.0006079673767089844,0.0005984306335449219,0.0006053447723388672,0.0005810260772705078,0.000591278076171875,0.0005905628204345703,0.0006203651428222656,0.0006000995635986328,0.0005998611450195312,0.0006346702575683594,0.0006201267242431641,0.0006003379821777344,0.0005905628204345703,0.0005817413330078125,0.0005764961242675781,0.0005881786346435547,0.0006406307220458984,0.0005893707275390625,0.0005729198455810547,0.0005755424499511719,0.00058746337890625,0.0006361007690429688,0.0006656646728515625,0.0005788803100585938,0.0005733966827392578,0.0006282329559326172,0.0006005764007568359,0.0005857944488525391,0.0005695819854736328,0.0005655288696289062,0.0005741119384765625,0.0005841255187988281,0.0005633831024169922,0.0005736351013183594
cchessenv,2,0.00018072128295898438,0.00012612342834472656,0.000148773193359375,0.00013875961303710938,0.00013518333435058594,0.00012540817260742188,0.00012230873107910156,0.00014591217041015625,0.0001652240753173828,0.00014352798461914062,0.00013709068298339844,0.0001361370086669922,0.00013947486877441406,0.0001430511474609375,0.00013065338134765625,0.000133514404296875,0.00013756752014160156,0.00012874603271484375,0.00012564659118652344,0.00014090538024902344,0.00013136863708496094,0.00012493133544921875,0.00012540817260742188,0.00013184547424316406,0.00012993812561035156,0.00012612342834472656,0.0001266002655029297,0.0001327991485595703,0.00012993812561035156,0.00012755393981933594,0.00013399124145507812,0.0001289844512939453,0.00013208389282226562,0.0001251697540283203,0.00012612342834472656,0.0001316070556640625,0.00012350082397460938,0.0001251697540283203,0.00012063980102539062,0.000118255615234375,0.00011849403381347656,0.00012755393981933594,0.00012564659118652344,0.00011944770812988281,0.0001475811004638672,0.00013709068298339844,0.00015163421630859375,0.0001468658447265625,0.00011563301086425781,0.00011968612670898438,0.00012731552124023438,0.00012087821960449219,0.00012540817260742188,0.00011944770812988281,0.0001266002655029297,0.00012230873107910156,0.00012087821960449219,0.00012993812561035156,0.0001251697540283203,0.00013303756713867188,0.0001628398895263672,0.0001423358917236328,0.0001544952392578125,0.00013017654418945312,0.0001277923583984375,0.00013065338134765625,0.00013518333435058594,0.00012636184692382812,0.00012826919555664062,0.00013208389282226562,0.00012874603271484375,0.00013017654418945312,0.0001285076141357422,0.00015282630920410156,0.00012493133544921875,0.00012826919555664062,0.0001266002655029297,0.0001270771026611328,0.00012350082397460938,0.00014901161193847656,0.00012612342834472656,0.00014734268188476562,0.00012826919555664062,0.00012731552124023438,0.0001590251922607422,0.00014472007751464844,0.00014281272888183594,0.0001266002655029297,0.00012373924255371094,0.00013136863708496094,0.00012111663818359375,0.0001246929168701172,0.00013017654418945312,0.0001246929168701172,0.00012564659118652344,0.0001304149627685547,0.000125885009765625,0.00013184547424316406,0.0001227855682373047,0.00012421607971191406
pyspiel_sequential,4,0.0015664100646972656,0.0015141963958740234,0.0015001296997070312,0.001497507095336914,0.0015146732330322266,0.001524209976196289,0.0012927055358886719,0.0011458396911621094,0.0012080669403076172,0.0011754035949707031,0.0011548995971679688,0.0011739730834960938,0.0011696815490722656,0.0011959075927734375,0.0011670589447021484,0.0011684894561767578,0.0011789798736572266,0.0011630058288574219,0.0011758804321289062,0.001155853271484375,0.0011589527130126953,0.0011823177337646484,0.0011515617370605469,0.0011775493621826172,0.0011811256408691406,0.0011572837829589844,0.001157522201538086,0.0011568069458007812,0.0011806488037109375,0.0011663436889648438,0.0011401176452636719,0.00115966796875,0.0011572837829589844,0.0011358261108398438,0.0011370182037353516,0.0011315345764160156,0.0011289119720458984,0.0011353492736816406,0.0011277198791503906,0.0011589527130126953,0.001140594482421875,0.0011293888092041016,0.0011742115020751953,0.00115966796875,0.0012536048889160156,0.0011553764343261719,0.0011506080627441406,0.0011441707611083984,0.0011551380157470703,0.0011398792266845703,0.0011556148529052734,0.0011420249938964844,0.0011403560638427734,0.0011649131774902344,0.001154184341430664,0.0011527538299560547,0.0011699199676513672,0.0011446475982666016,0.0012583732604980469,0.0011417865753173828,0.0011317729949951172,0.0011522769927978516,0.0011410713195800781,0.0011365413665771484,0.0011370182037353516,0.001134634017944336,0.0011382102966308594,0.0011985301971435547,0.0011348724365234375,0.0011501312255859375,0.001129150390625,0.0011429786682128906,0.0012056827545166016,0.0011446475982666016,0.0011551380157470703,0.0011320114135742188,0.0011720657348632812,0.0011632442474365234,0.0012736320495605469,0.001300811767578125,0.0011205673217773438,0.001129150390625,0.0012433528900146484,0.0011916160583496094,0.0011394023895263672,0.0011584758758544922,0.0011324882507324219,0.0011372566223144531,0.0011293888092041016,0.001116037368774414,0.0011425018310546875,0.0011200904846191406,0.0011134147644042969,0.0011241436004638672,0.0011241436004638672,0.0011782646179199219,0.0011301040649414062,0.001154184341430664,0.0011444091796875,0.0011250972747802734
cchessenv,4,0.00017309188842773438,0.0001571178436279297,0.0001423358917236328,0.00014257431030273438,0.0001652240753173828,0.0001442432403564453,0.00015401840209960938,0.00015354156494140625,0.00016498565673828125,0.00015044212341308594,0.0001480579376220703,0.00015354156494140625,0.000156402587890625,0.00015664100646972656,0.00016641616821289062,0.0001785755157470703,0.00015282630920410156,0.00015878677368164062,0.000152587890625,0.0001575946807861328,0.0001709461212158203,0.000156402587890625,0.0001480579376220703,0.00015163421630859375,0.00018930435180664062,0.0001709461212158203,0.00014734268188476562,0.0001518726348876953,0.00014472007751464844,0.00015473365783691406,0.00016355514526367188,0.00014519691467285156,0.00014257431030273438,0.00014472007751464844,0.00014495849609375,0.00015044212341308594,0.00015211105346679688,0.00014662742614746094,0.00014090538024902344,0.00014352798461914062,0.00014209747314453125,0.0001914501190185547,0.00014734268188476562,0.00014328956604003906,0.00015282630920410156,0.00018310546875,0.00014781951904296875,0.00014829635620117188,0.0001354217529296875,0.00013709068298339844,0.00015735626220703125,0.00013375282287597656,0.00013685226440429688,0.00013899803161621094,0.0001442432403564453,0.00014901161193847656,0.000148773193359375,0.0001506805419921875,0.00014925003051757812,0.00015044212341308594,0.0001475811004638672,0.0001780986785888672,0.00016045570373535156,0.00015020370483398438,0.0001499652862548828,0.00016498565673828125,0.0001518726348876953,0.0001728534698486328,0.0001614093780517578,0.00015807151794433594,0.0001475811004638672,0.0001513957977294922,0.00016999244689941406,0.0001804828643798828,0.00015997886657714844,0.0001533031463623047,0.00015354156494140625,0.00016260147094726562,0.00015425682067871094,0.00017404556274414062,0.00021696090698242188,0.0001895427703857422,0.0001811981201171875,0.00016927719116210938,0.00016260147094726562,0.00016021728515625,0.00017595291137695312,0.00015616416931152344,0.0001556873321533203,0.00014519691467285156,0.00015425682067871094,0.00014209747314453125,0.00014328956604003906,0.00015306472778320312,0.00015807151794433594,0.00014495849609375,0.00014209747314453125,0.00014829635620117188,0.00014472007751464844,0.00014638900756835938
pyspiel_sequential,8,0.003075122833251953,0.003028392791748047,0.0027098655700683594,0.0022058486938476562,0.002267599105834961,0.0022046566009521484,0.002233266830444336,0.002234935760498047,0.002279996871948242,0.0022270679473876953,0.0023050308227539062,0.0022840499877929688,0.0022606849670410156,0.0023908615112304688,0.002252340316772461,0.0022704601287841797,0.002515077590942383,0.002498626708984375,0.0022504329681396484,0.002356290817260742,0.0022690296173095703,0.002407550811767578,0.0023839473724365234,0.0022733211517333984,0.002270936965942383,0.002274751663208008,0.0024597644805908203,0.002336740493774414,0.0022857189178466797,0.0022325515747070312,0.0022313594818115234,0.0022733211517333984,0.002329111099243164,0.0022983551025390625,0.0022623538970947266,0.0023293495178222656,0.002336740493774414,0.002233743667602539,0.002327442169189453,0.0022389888763427734,0.0022249221801757812,0.002253293991088867,0.0022735595703125,0.002485036849975586,0.0022668838500976562,0.0022525787353515625,0.0022797584533691406,0.002240896224975586,0.002256631851196289,0.0022644996643066406,0.0022437572479248047,0.0024230480194091797,0.0022134780883789062,0.002386331558227539,0.0023233890533447266,0.0022585391998291016,0.0022203922271728516,0.002211332321166992,0.002211332321166992,0.0021872520446777344,0.002191781997680664,0.0022077560424804688,0.002240896224975586,0.0021860599517822266,0.002226114273071289,0.002180814743041992,0.0021750926971435547,0.0021882057189941406,0.002193450927734375,0.0021715164184570312,0.0022275447845458984,0.0022516250610351562,0.0022869110107421875,0.0022814273834228516,0.0021588802337646484,0.0023767948150634766,0.002262115478515625,0.0022172927856445312,0.0021948814392089844,0.002188444137573242,0.002178668975830078,0.0021407604217529297,0.0021698474884033203,0.0021810531616210938,0.0022270679473876953,0.0022678375244140625,0.0021643638610839844,0.002370595932006836,0.002178668975830078,0.002255678176879883,0.0021979808807373047,0.0021724700927734375,0.0022611618041992188,0.00220489501953125,0.0021779537200927734,0.002153158187866211,0.0021772384643554688,0.002170085906982422,0.0022716522216796875,0.0021753311157226562
cchessenv,8,0.00020766258239746094,0.00019025802612304688,0.00018072128295898438,0.00018215179443359375,0.0002052783966064453,0.00018215179443359375,0.00018072128295898438,0.00018858909606933594,0.00018835067749023438,0.00019073486328125,0.0001990795135498047,0.0002357959747314453,0.0002048015594482422,0.0002079010009765625,0.00020051002502441406,0.00020313262939453125,0.00022840499877929688,0.00019860267639160156,0.00022602081298828125,0.00021648406982421875,0.00020051002502441406,0.00021219253540039062,0.00021982192993164062,0.00021576881408691406,0.00020503997802734375,0.0002048015594482422,0.0001990795135498047,0.0001990795135498047,0.00019216537475585938,0.0003917217254638672,0.00024127960205078125,0.00026345252990722656,0.0002186298370361328,0.0002129077911376953,0.00032067298889160156,0.00021839141845703125,0.00019884109497070312,0.0001983642578125,0.00019288063049316406,0.00022220611572265625,0.0001933574676513672,0.00019168853759765625,0.0001900196075439453,0.000194549560546875,0.00022983551025390625,0.0002002716064453125,0.00020384788513183594,0.0001964569091796875,0.00018644332885742188,0.00020170211791992188,0.00035071372985839844,0.00018095970153808594,0.0001666545867919922,0.0001709461212158203,0.0001742839813232422,0.0001926422119140625,0.0001804828643798828,0.0002052783966064453,0.00018358230590820312,0.00018548965454101562,0.00018286705017089844,0.00019311904907226562,0.00021696090698242188,0.00021576881408691406,0.00020623207092285156,0.00021982192993164062,0.0002067089080810547,0.000194549560546875,0.00019669532775878906,0.00021123886108398438,0.000202178955078125,0.00019598007202148438,0.00021576881408691406,0.0002751350402832031,0.00019407272338867188,0.00022721290588378906,0.00020432472229003906,0.000217437744140625,0.0002460479736328125,0.0001876354217529297,0.00020122528076171875,0.00019288063049316406,0.0002040863037109375,0.00017952919006347656,0.00020766258239746094,0.0002052783966064453,0.00018262863159179688,0.0002162456512451172,0.0002033710479736328,0.00021505355834960938,0.00022125244140625,0.00018453598022460938,0.0001881122589111328,0.00018858909606933594,0.00018405914306640625,0.00018644332885742188,0.00018405914306640625,0.0002086162567138672,0.00022268295288085938,0.000194549560546875
pyspiel_sequential,16,0.0060710906982421875,0.004484415054321289,0.004525423049926758,0.004474163055419922,0.004381656646728516,0.004376411437988281,0.004498004913330078,0.0044972896575927734,0.004438161849975586,0.0047070980072021484,0.004452228546142578,0.004439115524291992,0.004501819610595703,0.004566669464111328,0.004499197006225586,0.004535675048828125,0.005041599273681641,0.004741191864013672,0.004621267318725586,0.0048673152923583984,0.004572391510009766,0.004429340362548828,0.004459857940673828,0.00484466552734375,0.004786014556884766,0.004866361618041992,0.004688739776611328,0.00488734245300293,0.0044939517974853516,0.004557371139526367,0.00444483757019043,0.0047075748443603516,0.0045604705810546875,0.004941463470458984,0.004698276519775391,0.004458427429199219,0.0045430660247802734,0.004492521286010742,0.00443577766418457,0.004778385162353516,0.004568576812744141,0.004522562026977539,0.00455927848815918,0.004760026931762695,0.004701137542724609,0.00460052490234375,0.0045926570892333984,0.004819393157958984,0.004570484161376953,0.004634380340576172,0.004674673080444336,0.00442051887512207,0.0044918060302734375,0.004559993743896484,0.0045583248138427734,0.004561185836791992,0.00464940071105957,0.0045893192291259766,0.004765510559082031,0.004491090774536133,0.004442930221557617,0.004885435104370117,0.004633665084838867,0.004463911056518555,0.004602670669555664,0.004659414291381836,0.004439830780029297,0.004565238952636719,0.004540920257568359,0.004652500152587891,0.004522085189819336,0.0046198368072509766,0.004645586013793945,0.004358053207397461,0.004527091979980469,0.004418373107910156,0.004483699798583984,0.004585742950439453,0.004414081573486328,0.004574775695800781,0.004546642303466797,0.004499912261962891,0.0045511722564697266,0.0043489933013916016,0.0044879913330078125,0.004489898681640625,0.004560947418212891,0.004588127136230469,0.0045642852783203125,0.0043659210205078125,0.004393100738525391,0.004607439041137695,0.004770040512084961,0.0045948028564453125,0.0045931339263916016,0.004469871520996094,0.004437923431396484,0.004425048828125,0.0045855045318603516,0.00437474250793457
cchessenv,16,0.00036644935607910156,0.00024819374084472656,0.00024819374084472656,0.0002510547637939453,0.0002486705780029297,0.0002796649932861328,0.00028777122497558594,0.00027060508728027344,0.000301361083984375,0.00027251243591308594,0.00035262107849121094,0.0002663135528564453,0.0002796649932861328,0.0002799034118652344,0.0002753734588623047,0.0002887248992919922,0.0002722740173339844,0.00027108192443847656,0.00037360191345214844,0.00030922889709472656,0.00030541419982910156,0.00035452842712402344,0.0003025531768798828,0.0003376007080078125,0.0003161430358886719,0.00031375885009765625,0.00030112266540527344,0.0003025531768798828,0.000301361083984375,0.00030517578125,0.00032639503479003906,0.00033092498779296875,0.00032067298889160156,0.0003256797790527344,0.0002605915069580078,0.00028014183044433594,0.00027370452880859375,0.00026988983154296875,0.0002980232238769531,0.0002665519714355469,0.0002980232238769531,0.0002732276916503906,0.0002696514129638672,0.0002722740173339844,0.0002720355987548828,0.00027751922607421875,0.0002734661102294922,0.0002567768096923828,0.0002505779266357422,0.0002732276916503906,0.0003304481506347656,0.0002238750457763672,0.0002307891845703125,0.0002846717834472656,0.00024509429931640625,0.00025153160095214844,0.0002722740173339844,0.00027823448181152344,0.000324249267578125,0.00028896331787109375,0.00029754638671875,0.000274658203125,0.0003082752227783203,0.0002751350402832031,0.0002849102020263672,0.0002734661102294922,0.00027441978454589844,0.0002827644348144531,0.0003178119659423828,0.00028252601623535156,0.00029397010803222656,0.0002853870391845703,0.00027871131896972656,0.0004038810729980469,0.0003046989440917969,0.00028443336486816406,0.00028252601623535156,0.0002779960632324219,0.0002770423889160156,0.0002803802490234375,0.0002799034118652344,0.0002872943878173828,0.0002651214599609375,0.000274658203125,0.0002701282501220703,0.000293731689453125,0.0002715587615966797,0.00028514862060546875,0.0002753734588623047,0.0002636909484863281,0.00025844573974609375,0.00026226043701171875,0.0002684593200683594,0.0002772808074951172,0.00028586387634277344,0.0002651214599609375,0.0002841949462890625,0.0002951622009277344,0.0002684593200683594,0.00029587745666503906
pyspiel_sequential,32,0.009593725204467773,0.008823871612548828,0.008778095245361328,0.008523941040039062,0.008749246597290039,0.00950312614440918,0.009222984313964844,0.009108543395996094,0.009099960327148438,0.00919651985168457,0.009154796600341797,0.008797407150268555,0.008718729019165039,0.008844614028930664,0.008906841278076172,0.009168148040771484,0.009083986282348633,0.00912618637084961,0.009460926055908203,0.009309768676757812,0.009204626083374023,0.009458065032958984,0.009104251861572266,0.008900642395019531,0.008967876434326172,0.008777141571044922,0.008872032165527344,0.009046316146850586,0.009187698364257812,0.009768247604370117,0.009988784790039062,0.009783267974853516,0.009847879409790039,0.009481430053710938,0.009353399276733398,0.009312868118286133,0.009511470794677734,0.009278535842895508,0.00927591323852539,0.008927583694458008,0.009158849716186523,0.008933782577514648,0.008883953094482422,0.008832454681396484,0.00921177864074707,0.009196281433105469,0.009261131286621094,0.00956869125366211,0.009106874465942383,0.009163618087768555,0.009157896041870117,0.00922393798828125,0.009371042251586914,0.009296178817749023,0.009271621704101562,0.009490489959716797,0.009139537811279297,0.009304285049438477,0.009211063385009766,0.009078264236450195,0.009329557418823242,0.00912165641784668,0.008983850479125977,0.00903177261352539,0.008783578872680664,0.008868217468261719,0.008722782135009766,0.008599996566772461,0.008748769760131836,0.009678363800048828,0.009216785430908203,0.00921487808227539,0.00915670394897461,0.00900125503540039,0.00894618034362793,0.009319067001342773,0.009479522705078125,0.009081602096557617,0.008666515350341797,0.008745193481445312,0.00848245620727539,0.008572578430175781,0.008543968200683594,0.008833885192871094,0.00885462760925293,0.008536100387573242,0.008563518524169922,0.008536577224731445,0.009275674819946289,0.008754730224609375,0.00844573974609375,0.00886678695678711,0.008584976196289062,0.008832931518554688,0.008905649185180664,0.00888204574584961,0.008685588836669922,0.008658170700073242,0.00861668586730957,0.008641958236694336
cchessenv,32,0.0005581378936767578,0.0003724098205566406,0.000400543212890625,0.0004067420959472656,0.00043964385986328125,0.00040411949157714844,0.00043463706970214844,0.0004303455352783203,0.0004603862762451172,0.0004863739013671875,0.00047087669372558594,0.0004489421844482422,0.0004582405090332031,0.000457763671875,0.0004968643188476562,0.0004611015319824219,0.0004413127899169922,0.0004436969757080078,0.0004584789276123047,0.00044345855712890625,0.00047397613525390625,0.0004489421844482422,0.0004603862762451172,0.00044727325439453125,0.00045871734619140625,0.0004634857177734375,0.0004477500915527344,0.00043272972106933594,0.0004582405090332031,0.0004742145538330078,0.0004696846008300781,0.00043582916259765625,0.0004677772521972656,0.00043201446533203125,0.0004456043243408203,0.0004904270172119141,0.0004444122314453125,0.0004303455352783203,0.0004563331604003906,0.00045013427734375,0.0004379749298095703,0.0004870891571044922,0.0004451274871826172,0.00044798851013183594,0.0004496574401855469,0.00042366981506347656,0.00048279762268066406,0.0004830360412597656,0.0004642009735107422,0.0004913806915283203,0.0006222724914550781,0.0003750324249267578,0.0003905296325683594,0.0004088878631591797,0.0003986358642578125,0.0004076957702636719,0.0004584789276123047,0.00046181678771972656,0.00043582916259765625,0.0004138946533203125,0.0004677772521972656,0.0004942417144775391,0.00048828125,0.0004336833953857422,0.0004649162292480469,0.0005424022674560547,0.00047087669372558594,0.00047087669372558594,0.0005183219909667969,0.0005254745483398438,0.00047659873962402344,0.0005674362182617188,0.00047898292541503906,0.0005042552947998047,0.00048422813415527344,0.00048661231994628906,0.0005145072937011719,0.0005440711975097656,0.0004925727844238281,0.00047588348388671875,0.0004830360412597656,0.0005576610565185547,0.0004963874816894531,0.00044798851013183594,0.0004444122314453125,0.00045108795166015625,0.0005033016204833984,0.00047016143798828125,0.00048041343688964844,0.0004494190216064453,0.00045990943908691406,0.0004336833953857422,0.0004379749298095703,0.0004401206970214844,0.00045013427734375,0.0004432201385498047,0.00042128562927246094,0.00044035911560058594,0.00044035911560058594,0.0004451274871826172
pyspiel_sequential,64,0.017974853515625,0.017861366271972656,0.018415212631225586,0.018442392349243164,0.01847100257873535,0.01804041862487793,0.01781916618347168,0.01801896095275879,0.017981529235839844,0.017894744873046875,0.0177309513092041,0.01821112632751465,0.018274545669555664,0.018379688262939453,0.01781916618347168,0.017802953720092773,0.01844191551208496,0.017820119857788086,0.01798081398010254,0.01800680160522461,0.017697572708129883,0.018013954162597656,0.018016576766967773,0.018391847610473633,0.018457412719726562,0.018870115280151367,0.018648147583007812,0.018538475036621094,0.01880788803100586,0.01898479461669922,0.018512487411499023,0.018970012664794922,0.0191957950592041,0.019387245178222656,0.01963353157043457,0.017976760864257812,0.018659591674804688,0.01847362518310547,0.018237590789794922,0.018567323684692383,0.018184900283813477,0.017963171005249023,0.017721891403198242,0.018054723739624023,0.0178530216217041,0.01898479461669922,0.019909381866455078,0.01774883270263672,0.018010377883911133,0.018002033233642578,0.01853203773498535,0.018320798873901367,0.019128799438476562,0.02059173583984375,0.020552873611450195,0.02061605453491211,0.020639419555664062,0.02007603645324707,0.019834518432617188,0.018502235412597656,0.019070863723754883,0.01897144317626953,0.01978588104248047,0.020002365112304688,0.020490646362304688,0.020294904708862305,0.019978046417236328,0.019296884536743164,0.018646240234375,0.018025636672973633,0.017475366592407227,0.018095970153808594,0.01754283905029297,0.017823219299316406,0.017438411712646484,0.01810622215270996,0.017421722412109375,0.017360210418701172,0.017639875411987305,0.017666339874267578,0.017487287521362305,0.018381357192993164,0.018094539642333984,0.017895936965942383,0.01831793785095215,0.018453359603881836,0.017815113067626953,0.017084598541259766,0.01784062385559082,0.017739534378051758,0.017454147338867188,0.017122507095336914,0.017970800399780273,0.017972707748413086,0.01755380630493164,0.017444849014282227,0.017170429229736328,0.017411470413208008,0.018549203872680664,0.018043041229248047
cchessenv,64,0.0008907318115234375,0.0005862712860107422,0.0006616115570068359,0.0007054805755615234,0.0006959438323974609,0.0007109642028808594,0.0007665157318115234,0.0008215904235839844,0.0008118152618408203,0.0007882118225097656,0.0008296966552734375,0.0008220672607421875,0.0008113384246826172,0.0007534027099609375,0.0007712841033935547,0.0007839202880859375,0.0007677078247070312,0.0008070468902587891,0.0008497238159179688,0.0007593631744384766,0.0007600784301757812,0.0008699893951416016,0.0007774829864501953,0.0007648468017578125,0.0007748603820800781,0.0008001327514648438,0.0007870197296142578,0.0007932186126708984,0.0009400844573974609,0.0007879734039306641,0.0007798671722412109,0.0007805824279785156,0.000823974609375,0.000762939453125,0.0009307861328125,0.0008060932159423828,0.0008561611175537109,0.0008037090301513672,0.0007925033569335938,0.0008304119110107422,0.0007684230804443359,0.0007429122924804688,0.0007953643798828125,0.000823974609375,0.0007178783416748047,0.0007948875427246094,0.0008656978607177734,0.0009443759918212891,0.0007240772247314453,0.0007374286651611328,0.0008263587951660156,0.00055694580078125,0.000640869140625,0.0006582736968994141,0.0007653236389160156,0.0007071495056152344,0.0007197856903076172,0.0006825923919677734,0.0007112026214599609,0.0008413791656494141,0.0008656978607177734,0.0008673667907714844,0.0008730888366699219,0.0008423328399658203,0.0009052753448486328,0.0008378028869628906,0.0007925033569335938,0.0008671283721923828,0.0008325576782226562,0.0008397102355957031,0.0008156299591064453,0.0008556842803955078,0.0008566379547119141,0.0009167194366455078,0.0007836818695068359,0.0008563995361328125,0.0007953643798828125,0.0008656978607177734,0.0007736682891845703,0.0008127689361572266,0.0007686614990234375,0.0008544921875,0.00083160400390625,0.0007784366607666016,0.0008113384246826172,0.0008289813995361328,0.0008020401000976562,0.0007505416870117188,0.0007970333099365234,0.0008225440979003906,0.0008292198181152344,0.0007679462432861328,0.0008003711700439453,0.000812530517578125,0.0007941722869873047,0.0007302761077880859,0.0006990432739257812,0.0007143020629882812,0.0007569789886474609,0.0007085800170898438
pyspiel_sequential,128,0.03529238700866699,0.03523874282836914,0.0346684455871582,0.03614497184753418,0.038153886795043945,0.03651547431945801,0.036762237548828125,0.03652548789978027,0.040070533752441406,0.03990769386291504,0.039791107177734375,0.03829336166381836,0.037850379943847656,0.03934979438781738,0.03891706466674805,0.03991580009460449,0.037267446517944336,0.03834867477416992,0.036711931228637695,0.03816580772399902,0.03699684143066406,0.03703188896179199,0.037694454193115234,0.03769063949584961,0.03856468200683594,0.036981821060180664,0.03763079643249512,0.03751778602600098,0.037396907806396484,0.036360740661621094,0.037158966064453125,0.03638434410095215,0.03758955001831055,0.03737616539001465,0.0385739803314209,0.039591073989868164,0.03820466995239258,0.037010908126831055,0.03736281394958496,0.036514997482299805,0.03634166717529297,0.03730177879333496,0.03774213790893555,0.04062294960021973,0.04082465171813965,0.03916168212890625,0.037729740142822266,0.03697991371154785,0.03771567344665527,0.03743386268615723,0.03746461868286133,0.036910057067871094,0.039084434509277344,0.03778696060180664,0.03834199905395508,0.03946352005004883,0.03760099411010742,0.039507389068603516,0.03864741325378418,0.03687930107116699,0.03711390495300293,0.03738069534301758,0.036714792251586914,0.03576779365539551,0.03837084770202637,0.039041996002197266,0.040207624435424805,0.03808474540710449,0.03719210624694824,0.037950992584228516,0.036594390869140625,0.03627133369445801,0.03601336479187012,0.03630256652832031,0.035202980041503906,0.036744117736816406,0.035070180892944336,0.0361180305480957,0.03631258010864258,0.0361788272857666,0.035962820053100586,0.037450551986694336,0.03644061088562012,0.03631281852722168,0.03626418113708496,0.035387516021728516,0.03655076026916504,0.03746318817138672,0.035996437072753906,0.03636455535888672,0.03474903106689453,0.035039424896240234,0.03697347640991211,0.03584909439086914,0.0352175235748291,0.03577423095703125,0.03508710861206055,0.036037445068359375,0.03543853759765625,0.03717827796936035
cchessenv,128,0.0015535354614257812,0.0010602474212646484,0.0012166500091552734,0.001253366470336914,0.0012500286102294922,0.001333475112915039,0.0012888908386230469,0.0014252662658691406,0.0013446807861328125,0.001428842544555664,0.001378774642944336,0.0015571117401123047,0.0015075206756591797,0.0015442371368408203,0.0015747547149658203,0.0015323162078857422,0.0014700889587402344,0.0015225410461425781,0.0015716552734375,0.0015611648559570312,0.0013897418975830078,0.0014405250549316406,0.0014405250549316406,0.0015735626220703125,0.0017101764678955078,0.0016045570373535156,0.0015740394592285156,0.0014476776123046875,0.0014514923095703125,0.001547098159790039,0.0016326904296875,0.0015566349029541016,0.0016016960144042969,0.0015528202056884766,0.0015499591827392578,0.0013997554779052734,0.0014417171478271484,0.0014863014221191406,0.0014748573303222656,0.0014595985412597656,0.0014102458953857422,0.0014009475708007812,0.0014698505401611328,0.001547098159790039,0.0014178752899169922,0.0015001296997070312,0.0014510154724121094,0.0013699531555175781,0.0013666152954101562,0.001295328140258789,0.0017702579498291016,0.0011446475982666016,0.001140594482421875,0.0011751651763916016,0.0012722015380859375,0.0013697147369384766,0.0013394355773925781,0.0013916492462158203,0.0014796257019042969,0.0015685558319091797,0.0015251636505126953,0.0014448165893554688,0.001577615737915039,0.0016994476318359375,0.0014615058898925781,0.001462697982788086,0.001554727554321289,0.0015208721160888672,0.0015079975128173828,0.0014233589172363281,0.0015790462493896484,0.0015096664428710938,0.0015652179718017578,0.0014302730560302734,0.0015232563018798828,0.0014905929565429688,0.0015115737915039062,0.0015876293182373047,0.0014331340789794922,0.0014979839324951172,0.0013761520385742188,0.0014073848724365234,0.0014681816101074219,0.0014829635620117188,0.001520395278930664,0.001486063003540039,0.0014886856079101562,0.0014524459838867188,0.0014598369598388672,0.0015003681182861328,0.0014140605926513672,0.0014324188232421875,0.001384735107421875,0.0013928413391113281,0.001377105712890625,0.0013010501861572266,0.00135040283203125,0.0014955997467041016,0.0014286041259765625,0.0015263557434082031
pyspiel_sequential,256,0.07476997375488281,0.0731041431427002,0.07404327392578125,0.07595276832580566,0.07680726051330566,0.07822537422180176,0.07682394981384277,0.07526326179504395,0.07468962669372559,0.07732820510864258,0.07683682441711426,0.0774228572845459,0.0769050121307373,0.07680535316467285,0.07696676254272461,0.08012580871582031,0.08012771606445312,0.07878470420837402,0.07660079002380371,0.07725286483764648,0.07601380348205566,0.07792282104492188,0.07985186576843262,0.08012986183166504,0.07897233963012695,0.0794527530670166,0.07837057113647461,0.08009791374206543,0.07747316360473633,0.07816696166992188,0.08143472671508789,0.08176612854003906,0.07890486717224121,0.08013415336608887,0.07873868942260742,0.08009982109069824,0.0814671516418457,0.07712316513061523,0.07789278030395508,0.07723593711853027,0.07669544219970703,0.08069801330566406,0.08039450645446777,0.0786588191986084,0.07802653312683105,0.07594418525695801,0.07817959785461426,0.0765233039855957,0.0744791030883789,0.07618427276611328,0.07646322250366211,0.07798099517822266,0.07918643951416016,0.07777547836303711,0.07482504844665527,0.07555866241455078,0.07720398902893066,0.07792973518371582,0.07606029510498047,0.07436180114746094,0.07537841796875,0.07812786102294922,0.07912492752075195,0.07587504386901855,0.0770101547241211,0.07576417922973633,0.07454967498779297,0.07551980018615723,0.07741737365722656,0.0780644416809082,0.07753705978393555,0.0776212215423584,0.07939624786376953,0.07598018646240234,0.0771479606628418,0.07780838012695312,0.07622766494750977,0.07563638687133789,0.07474994659423828,0.0752573013305664,0.07340574264526367,0.07555794715881348,0.07733321189880371,0.07607340812683105,0.07391762733459473,0.07466888427734375,0.07733988761901855,0.07492685317993164,0.07591462135314941,0.07582521438598633,0.07390761375427246,0.07306265830993652,0.0774240493774414,0.0816805362701416,0.07817792892456055,0.0767216682434082,0.07311034202575684,0.07214975357055664,0.07117342948913574,0.07303881645202637
cchessenv,256,0.0024170875549316406,0.0023005008697509766,0.0021820068359375,0.0024504661560058594,0.0024428367614746094,0.00260162353515625,0.0026025772094726562,0.002716541290283203,0.0027616024017333984,0.0027704238891601562,0.002996206283569336,0.003155231475830078,0.002942800521850586,0.0029273033142089844,0.002861499786376953,0.0030074119567871094,0.0028753280639648438,0.0028696060180664062,0.002818584442138672,0.0034780502319335938,0.006947755813598633,0.0035185813903808594,0.003055095672607422,0.0034224987030029297,0.0029633045196533203,0.003493785858154297,0.003174304962158203,0.003247976303100586,0.0028967857360839844,0.003022432327270508,0.0067064762115478516,0.00290679931640625,0.0027914047241210938,0.0028798580169677734,0.002940654754638672,0.0030264854431152344,0.002898693084716797,0.003069639205932617,0.0031976699829101562,0.0027747154235839844,0.002872943878173828,0.0029087066650390625,0.002821683883666992,0.003114938735961914,0.0027484893798828125,0.0027844905853271484,0.0025758743286132812,0.0027930736541748047,0.002904176712036133,0.002600431442260742,0.003239154815673828,0.0021953582763671875,0.0022058486938476562,0.0022058486938476562,0.0024261474609375,0.0024509429931640625,0.0024476051330566406,0.002885580062866211,0.0031385421752929688,0.006959199905395508,0.002809286117553711,0.002994537353515625,0.0028655529022216797,0.0029833316802978516,0.003065347671508789,0.0035386085510253906,0.0030603408813476562,0.003320932388305664,0.006786346435546875,0.0031409263610839844,0.003312349319458008,0.0035104751586914062,0.003252267837524414,0.003517627716064453,0.003244638442993164,0.003385782241821289,0.0032241344451904297,0.003606557846069336,0.003398418426513672,0.0034415721893310547,0.0031409263610839844,0.003291606903076172,0.003094911575317383,0.0033118724822998047,0.00336456298828125,0.003815889358520508,0.0033712387084960938,0.0034461021423339844,0.003281116485595703,0.0035054683685302734,0.0030477046966552734,0.003340005874633789,0.0029125213623046875,0.0032088756561279297,0.002981901168823242,0.0031311511993408203,0.0029854774475097656,0.0029058456420898438,0.002775907516479492,0.007096767425537109
pyspiel_sequential,512,0.15444207191467285,0.15020990371704102,0.15038204193115234,0.15274786949157715,0.15381765365600586,0.15251922607421875,0.15825939178466797,0.15920591354370117,0.16100692749023438,0.15401124954223633,0.15727591514587402,0.15720915794372559,0.15835857391357422,0.16046833992004395,0.1571211814880371,0.16257119178771973,0.16703391075134277,0.16494965553283691,0.16076374053955078,0.16463446617126465,0.15671277046203613,0.1695559024810791,0.17885303497314453,0.16231989860534668,0.1619570255279541,0.15967583656311035,0.165330171585083,0.16549301147460938,0.16496062278747559,0.1631336212158203,0.16110563278198242,0.16669344902038574,0.1706862449645996,0.16144013404846191,0.16438055038452148,0.16417241096496582,0.1649186611175537,0.16315984725952148,0.16082191467285156,0.17203187942504883,0.16578340530395508,0.16226959228515625,0.17078495025634766,0.16462254524230957,0.16118311882019043,0.16256213188171387,0.17215847969055176,0.17834186553955078,0.17881202697753906,0.1700913906097412,0.17646408081054688,0.15978336334228516,0.15761494636535645,0.1587073802947998,0.15625691413879395,0.1577596664428711,0.16465139389038086,0.16232013702392578,0.1605532169342041,0.15691566467285156,0.15665078163146973,0.160536527633667,0.16011786460876465,0.15863347053527832,0.17109179496765137,0.15819168090820312,0.15962886810302734,0.1646287441253662,0.15534162521362305,0.1588149070739746,0.16631531715393066,0.16314959526062012,0.15682578086853027,0.1557450294494629,0.15572047233581543,0.15833020210266113,0.1591806411743164,0.15776467323303223,0.15616750717163086,0.15662908554077148,0.15759611129760742,0.15615534782409668,0.15756893157958984,0.1543285846710205,0.15434622764587402,0.15507817268371582,0.1562023162841797,0.16019606590270996,0.15576744079589844,0.15636920928955078,0.15616297721862793,0.15609216690063477,0.156768798828125,0.16253089904785156,0.15883994102478027,0.1626887321472168,0.15733122825622559,0.16285228729248047,0.16497015953063965,0.152726411819458
cchessenv,512,0.0036933422088623047,0.005334138870239258,0.005116462707519531,0.005167484283447266,0.005115032196044922,0.006106138229370117,0.0054340362548828125,0.005952119827270508,0.00999593734741211,0.0063478946685791016,0.0057659149169921875,0.0061838626861572266,0.005976200103759766,0.006045103073120117,0.005817890167236328,0.006125926971435547,0.005652666091918945,0.006314754486083984,0.005693912506103516,0.007235288619995117,0.005959749221801758,0.006164073944091797,0.006127357482910156,0.006785154342651367,0.005725383758544922,0.006371259689331055,0.005887508392333984,0.006256818771362305,0.006072521209716797,0.007220745086669922,0.006534576416015625,0.006269931793212891,0.005697965621948242,0.010313034057617188,0.00574493408203125,0.00603175163269043,0.0055389404296875,0.006602764129638672,0.005751848220825195,0.006787776947021484,0.006316661834716797,0.006176471710205078,0.005431652069091797,0.009670257568359375,0.005574226379394531,0.006009101867675781,0.006242513656616211,0.006474733352661133,0.005568981170654297,0.005651950836181641,0.006247520446777344,0.004842519760131836,0.004654884338378906,0.005337715148925781,0.004624605178833008,0.005383968353271484,0.005034446716308594,0.006225109100341797,0.005938291549682617,0.010231971740722656,0.005953788757324219,0.006220579147338867,0.005632877349853516,0.0065648555755615234,0.005877971649169922,0.00612330436706543,0.005548238754272461,0.010172605514526367,0.0059566497802734375,0.006508588790893555,0.005901813507080078,0.010317325592041016,0.005806684494018555,0.006692171096801758,0.006310939788818359,0.0065500736236572266,0.006535053253173828,0.006588459014892578,0.0058591365814208984,0.006488800048828125,0.005917072296142578,0.0068585872650146484,0.006665229797363281,0.0066356658935546875,0.005914211273193359,0.006371021270751953,0.006115436553955078,0.006450653076171875,0.0058209896087646484,0.006196498870849609,0.0055866241455078125,0.006393909454345703,0.005977630615234375,0.01005411148071289,0.005851030349731445,0.006647825241088867,0.005579471588134766,0.006052732467651367,0.005522251129150391,0.009695768356323242
pyspiel_sequential,1024,0.31974267959594727,0.3145890235900879,0.3159506320953369,0.32366514205932617,0.3249471187591553,0.324063777923584,0.32788801193237305,0.317490816116333,0.3409442901611328,0.3250308036804199,0.3305330276489258,0.332533597946167,0.33028531074523926,0.3338932991027832,0.3385963439941406,0.3285980224609375,0.3288886547088623,0.33117222785949707,0.33757519721984863,0.33341073989868164,0.34412598609924316,0.3326995372772217,0.3333730697631836,0.33482933044433594,0.3415861129760742,0.33613157272338867,0.3308892250061035,0.33945703506469727,0.3409137725830078,0.3345024585723877,0.3374803066253662,0.3298778533935547,0.34160494804382324,0.33476853370666504,0.36229610443115234,0.3376443386077881,0.3344273567199707,0.34389209747314453,0.3334009647369385,0.33185601234436035,0.3363027572631836,0.3386204242706299,0.3381991386413574,0.34892821311950684,0.3316926956176758,0.327742338180542,0.33837175369262695,0.33396172523498535,0.3326702117919922,0.3380303382873535,0.3429708480834961,0.3335232734680176,0.3377034664154053,0.32446718215942383,0.33370232582092285,0.334683895111084,0.3301403522491455,0.32759714126586914,0.32707738876342773,0.3250579833984375,0.3269932270050049,0.32343316078186035,0.3279612064361572,0.3465139865875244,0.3276538848876953,0.32149696350097656,0.32295727729797363,0.32888197898864746,0.3279094696044922,0.32451510429382324,0.32703399658203125,0.3284182548522949,0.3352229595184326,0.32564878463745117,0.31679749488830566,0.3244912624359131,0.3259141445159912,0.3218700885772705,0.32814979553222656,0.3257272243499756,0.32511329650878906,0.31853342056274414,0.32558226585388184,0.3249380588531494,0.32479405403137207,0.316540002822876,0.3213787078857422,0.32918405532836914,0.3183097839355469,0.3232853412628174,0.3250546455383301,0.32668137550354004,0.318509578704834,0.33536648750305176,0.3189723491668701,0.3234541416168213,0.3196141719818115,0.31876468658447266,0.3224318027496338,0.3313775062561035
cchessenv,1024,0.007345914840698242,0.009840011596679688,0.010387659072875977,0.011034965515136719,0.015781164169311523,0.011452674865722656,0.011673688888549805,0.015594720840454102,0.012113332748413086,0.012424707412719727,0.01240849494934082,0.012801170349121094,0.013410568237304688,0.012809514999389648,0.012935876846313477,0.012960672378540039,0.013154983520507812,0.0134429931640625,0.01335763931274414,0.013068675994873047,0.013374090194702148,0.014172077178955078,0.013228178024291992,0.013738870620727539,0.013064861297607422,0.013485431671142578,0.01678752899169922,0.013022899627685547,0.013042926788330078,0.01827406883239746,0.013297319412231445,0.013648271560668945,0.01712775230407715,0.014107227325439453,0.013793468475341797,0.012610912322998047,0.012417793273925781,0.012725353240966797,0.012897968292236328,0.012807607650756836,0.012804746627807617,0.012493133544921875,0.012101888656616211,0.01632213592529297,0.01191401481628418,0.012363672256469727,0.01243901252746582,0.01218867301940918,0.012157678604125977,0.013063430786132812,0.013669967651367188,0.009462594985961914,0.010331869125366211,0.01061701774597168,0.011260986328125,0.011960983276367188,0.01187586784362793,0.01197361946105957,0.012548208236694336,0.013194561004638672,0.012325048446655273,0.01288747787475586,0.013312578201293945,0.013116598129272461,0.013063430786132812,0.013287782669067383,0.012948036193847656,0.013641834259033203,0.01323843002319336,0.013550043106079102,0.016689777374267578,0.013246774673461914,0.014032363891601562,0.013257980346679688,0.013298511505126953,0.01705765724182129,0.013734102249145508,0.013634443283081055,0.013603687286376953,0.01335763931274414,0.013413429260253906,0.013678789138793945,0.013602256774902344,0.013972043991088867,0.01391291618347168,0.013554811477661133,0.013048410415649414,0.016904354095458984,0.012891769409179688,0.01301264762878418,0.012485742568969727,0.012643575668334961,0.012819290161132812,0.012547016143798828,0.012187004089355469,0.01627206802368164,0.012440204620361328,0.012187719345092773,0.016481876373291016,0.012077569961547852
